-- 기존 데이터 마이그레이션

-- Member
INSERT INTO "Member" (id, name, phone, email, address, "birthDate", "bankInfo", "joinDate", role, active, note, "createdAt", "updatedAt") VALUES (1, '정하명', '010-9493-6281', 'hjhmfg@nate.com', NULL, NULL, NULL, '2026-04-25T04:31:45.246+00:00', 'admin', true, NULL, '2026-04-25T04:31:45.246+00:00', '2026-04-25T05:11:30.758+00:00') ON CONFLICT (id) DO NOTHING;
INSERT INTO "Member" (id, name, phone, email, address, "birthDate", "bankInfo", "joinDate", role, active, note, "createdAt", "updatedAt") VALUES (6, '박명준', NULL, NULL, NULL, NULL, NULL, '2026-04-25T05:49:21.984+00:00', 'member', true, NULL, '2026-04-25T05:49:21.984+00:00', '2026-04-25T05:49:21.984+00:00') ON CONFLICT (id) DO NOTHING;
INSERT INTO "Member" (id, name, phone, email, address, "birthDate", "bankInfo", "joinDate", role, active, note, "createdAt", "updatedAt") VALUES (7, '서증길', NULL, NULL, NULL, '1973', NULL, '2026-04-25T05:49:22.009+00:00', 'member', true, NULL, '2026-04-25T05:49:22.009+00:00', '2026-04-25T17:01:24.458+00:00') ON CONFLICT (id) DO NOTHING;
INSERT INTO "Member" (id, name, phone, email, address, "birthDate", "bankInfo", "joinDate", role, active, note, "createdAt", "updatedAt") VALUES (8, '김성식', NULL, NULL, NULL, '1976', NULL, '2026-04-25T05:49:22.026+00:00', 'member', true, NULL, '2026-04-25T05:49:22.026+00:00', '2026-04-25T17:01:42.428+00:00') ON CONFLICT (id) DO NOTHING;
INSERT INTO "Member" (id, name, phone, email, address, "birthDate", "bankInfo", "joinDate", role, active, note, "createdAt", "updatedAt") VALUES (9, '손혜경', NULL, NULL, NULL, '1976', NULL, '2026-04-25T05:49:22.048+00:00', 'member', true, NULL, '2026-04-25T05:49:22.048+00:00', '2026-04-25T17:01:54.378+00:00') ON CONFLICT (id) DO NOTHING;
INSERT INTO "Member" (id, name, phone, email, address, "birthDate", "bankInfo", "joinDate", role, active, note, "createdAt", "updatedAt") VALUES (10, '박성규', NULL, NULL, NULL, '1977', NULL, '2026-04-25T05:49:22.064+00:00', 'member', true, NULL, '2026-04-25T05:49:22.064+00:00', '2026-04-25T17:02:00.763+00:00') ON CONFLICT (id) DO NOTHING;
INSERT INTO "Member" (id, name, phone, email, address, "birthDate", "bankInfo", "joinDate", role, active, note, "createdAt", "updatedAt") VALUES (11, '홍미희', NULL, NULL, NULL, '1980', NULL, '2026-04-25T05:49:22.088+00:00', 'member', true, NULL, '2026-04-25T05:49:22.088+00:00', '2026-04-25T17:02:08.898+00:00') ON CONFLICT (id) DO NOTHING;
INSERT INTO "Member" (id, name, phone, email, address, "birthDate", "bankInfo", "joinDate", role, active, note, "createdAt", "updatedAt") VALUES (12, '송문창', NULL, NULL, NULL, '1981', NULL, '2026-04-25T05:49:22.105+00:00', 'member', true, NULL, '2026-04-25T05:49:22.105+00:00', '2026-04-25T17:02:17.590+00:00') ON CONFLICT (id) DO NOTHING;
INSERT INTO "Member" (id, name, phone, email, address, "birthDate", "bankInfo", "joinDate", role, active, note, "createdAt", "updatedAt") VALUES (13, '공태겸', NULL, NULL, NULL, '1984', NULL, '2026-04-25T05:49:22.128+00:00', 'member', true, NULL, '2026-04-25T05:49:22.128+00:00', '2026-04-25T17:02:28.229+00:00') ON CONFLICT (id) DO NOTHING;
INSERT INTO "Member" (id, name, phone, email, address, "birthDate", "bankInfo", "joinDate", role, active, note, "createdAt", "updatedAt") VALUES (14, '이재서', NULL, NULL, NULL, '1984', NULL, '2026-04-25T05:49:22.145+00:00', 'member', true, NULL, '2026-04-25T05:49:22.145+00:00', '2026-04-25T17:02:33.644+00:00') ON CONFLICT (id) DO NOTHING;
INSERT INTO "Member" (id, name, phone, email, address, "birthDate", "bankInfo", "joinDate", role, active, note, "createdAt", "updatedAt") VALUES (15, '송서범', NULL, NULL, NULL, '1987', NULL, '2026-04-25T05:49:22.163+00:00', 'member', true, NULL, '2026-04-25T05:49:22.163+00:00', '2026-04-25T17:02:39.334+00:00') ON CONFLICT (id) DO NOTHING;
INSERT INTO "Member" (id, name, phone, email, address, "birthDate", "bankInfo", "joinDate", role, active, note, "createdAt", "updatedAt") VALUES (16, '최진영', NULL, NULL, NULL, '1992', NULL, '2026-04-25T05:49:22.182+00:00', 'member', true, NULL, '2026-04-25T05:49:22.182+00:00', '2026-04-25T17:02:46.279+00:00') ON CONFLICT (id) DO NOTHING;
INSERT INTO "Member" (id, name, phone, email, address, "birthDate", "bankInfo", "joinDate", role, active, note, "createdAt", "updatedAt") VALUES (17, '김정환', NULL, NULL, NULL, '1998', NULL, '2026-04-25T05:49:22.207+00:00', 'member', true, NULL, '2026-04-25T05:49:22.207+00:00', '2026-04-25T17:02:58.475+00:00') ON CONFLICT (id) DO NOTHING;
INSERT INTO "Member" (id, name, phone, email, address, "birthDate", "bankInfo", "joinDate", role, active, note, "createdAt", "updatedAt") VALUES (18, '정유성', NULL, NULL, NULL, '1998', NULL, '2026-04-25T05:49:22.230+00:00', 'member', true, NULL, '2026-04-25T05:49:22.230+00:00', '2026-04-25T17:03:07.819+00:00') ON CONFLICT (id) DO NOTHING;
SELECT setval('"Member_id_seq"', (SELECT MAX(id) FROM "Member"));

-- Fee
INSERT INTO "Fee" (id, "memberId", amount, year, month, status, "paidAt", note, "createdAt") VALUES (1, 1, 30000, 2026, 4, 'paid', '2026-04-25T04:31:45.342+00:00', NULL, '2026-04-25T04:31:45.346+00:00') ON CONFLICT (id) DO NOTHING;
INSERT INTO "Fee" (id, "memberId", amount, year, month, status, "paidAt", note, "createdAt") VALUES (6, 1, 30000, 2026, 3, 'paid', '2026-04-25T04:31:45.440+00:00', NULL, '2026-04-25T04:31:45.441+00:00') ON CONFLICT (id) DO NOTHING;
INSERT INTO "Fee" (id, "memberId", amount, year, month, status, "paidAt", note, "createdAt") VALUES (11, 6, 30000, 2026, 1, 'paid', '2026-04-25T05:49:22.249+00:00', NULL, '2026-04-25T05:49:22.250+00:00') ON CONFLICT (id) DO NOTHING;
INSERT INTO "Fee" (id, "memberId", amount, year, month, status, "paidAt", note, "createdAt") VALUES (12, 7, 30000, 2026, 1, 'paid', '2026-04-25T05:49:22.269+00:00', NULL, '2026-04-25T05:49:22.269+00:00') ON CONFLICT (id) DO NOTHING;
INSERT INTO "Fee" (id, "memberId", amount, year, month, status, "paidAt", note, "createdAt") VALUES (13, 7, 30000, 2026, 2, 'paid', '2026-04-25T05:49:22.296+00:00', NULL, '2026-04-25T05:49:22.296+00:00') ON CONFLICT (id) DO NOTHING;
INSERT INTO "Fee" (id, "memberId", amount, year, month, status, "paidAt", note, "createdAt") VALUES (14, 8, 30000, 2026, 1, 'paid', '2026-04-25T05:49:22.320+00:00', NULL, '2026-04-25T05:49:22.320+00:00') ON CONFLICT (id) DO NOTHING;
INSERT INTO "Fee" (id, "memberId", amount, year, month, status, "paidAt", note, "createdAt") VALUES (15, 8, 30000, 2026, 2, 'paid', '2026-04-25T05:49:22.341+00:00', NULL, '2026-04-25T05:49:22.342+00:00') ON CONFLICT (id) DO NOTHING;
INSERT INTO "Fee" (id, "memberId", amount, year, month, status, "paidAt", note, "createdAt") VALUES (16, 8, 30000, 2026, 3, 'paid', '2026-04-25T05:49:22.363+00:00', NULL, '2026-04-25T05:49:22.363+00:00') ON CONFLICT (id) DO NOTHING;
INSERT INTO "Fee" (id, "memberId", amount, year, month, status, "paidAt", note, "createdAt") VALUES (17, 8, 30000, 2026, 4, 'paid', '2026-04-25T05:49:22.392+00:00', NULL, '2026-04-25T05:49:22.393+00:00') ON CONFLICT (id) DO NOTHING;
INSERT INTO "Fee" (id, "memberId", amount, year, month, status, "paidAt", note, "createdAt") VALUES (18, 9, 30000, 2026, 1, 'paid', '2026-04-25T05:49:22.413+00:00', NULL, '2026-04-25T05:49:22.413+00:00') ON CONFLICT (id) DO NOTHING;
INSERT INTO "Fee" (id, "memberId", amount, year, month, status, "paidAt", note, "createdAt") VALUES (19, 9, 30000, 2026, 2, 'paid', '2026-04-25T05:49:22.435+00:00', NULL, '2026-04-25T05:49:22.436+00:00') ON CONFLICT (id) DO NOTHING;
INSERT INTO "Fee" (id, "memberId", amount, year, month, status, "paidAt", note, "createdAt") VALUES (20, 9, 30000, 2026, 3, 'paid', '2026-04-25T05:49:22.454+00:00', NULL, '2026-04-25T05:49:22.454+00:00') ON CONFLICT (id) DO NOTHING;
INSERT INTO "Fee" (id, "memberId", amount, year, month, status, "paidAt", note, "createdAt") VALUES (21, 9, 30000, 2026, 4, 'paid', '2026-04-25T05:49:22.471+00:00', NULL, '2026-04-25T05:49:22.471+00:00') ON CONFLICT (id) DO NOTHING;
INSERT INTO "Fee" (id, "memberId", amount, year, month, status, "paidAt", note, "createdAt") VALUES (22, 9, 30000, 2026, 5, 'paid', '2026-04-25T05:49:22.491+00:00', NULL, '2026-04-25T05:49:22.491+00:00') ON CONFLICT (id) DO NOTHING;
INSERT INTO "Fee" (id, "memberId", amount, year, month, status, "paidAt", note, "createdAt") VALUES (23, 9, 30000, 2026, 6, 'paid', '2026-04-25T05:49:22.511+00:00', NULL, '2026-04-25T05:49:22.511+00:00') ON CONFLICT (id) DO NOTHING;
INSERT INTO "Fee" (id, "memberId", amount, year, month, status, "paidAt", note, "createdAt") VALUES (24, 11, 30000, 2026, 1, 'paid', '2026-04-25T05:49:22.544+00:00', NULL, '2026-04-25T05:49:22.545+00:00') ON CONFLICT (id) DO NOTHING;
INSERT INTO "Fee" (id, "memberId", amount, year, month, status, "paidAt", note, "createdAt") VALUES (25, 11, 30000, 2026, 2, 'paid', '2026-04-25T05:49:22.577+00:00', NULL, '2026-04-25T05:49:22.577+00:00') ON CONFLICT (id) DO NOTHING;
INSERT INTO "Fee" (id, "memberId", amount, year, month, status, "paidAt", note, "createdAt") VALUES (26, 11, 30000, 2026, 3, 'paid', '2026-04-25T05:49:22.596+00:00', NULL, '2026-04-25T05:49:22.596+00:00') ON CONFLICT (id) DO NOTHING;
INSERT INTO "Fee" (id, "memberId", amount, year, month, status, "paidAt", note, "createdAt") VALUES (27, 11, 30000, 2026, 4, 'paid', '2026-04-25T05:49:22.621+00:00', NULL, '2026-04-25T05:49:22.621+00:00') ON CONFLICT (id) DO NOTHING;
INSERT INTO "Fee" (id, "memberId", amount, year, month, status, "paidAt", note, "createdAt") VALUES (28, 12, 30000, 2026, 4, 'paid', '2026-04-25T05:49:22.640+00:00', NULL, '2026-04-25T05:49:22.641+00:00') ON CONFLICT (id) DO NOTHING;
INSERT INTO "Fee" (id, "memberId", amount, year, month, status, "paidAt", note, "createdAt") VALUES (29, 12, 30000, 2026, 5, 'paid', '2026-04-25T05:49:22.659+00:00', NULL, '2026-04-25T05:49:22.659+00:00') ON CONFLICT (id) DO NOTHING;
INSERT INTO "Fee" (id, "memberId", amount, year, month, status, "paidAt", note, "createdAt") VALUES (30, 12, 30000, 2026, 6, 'paid', '2026-04-25T05:49:22.681+00:00', NULL, '2026-04-25T05:49:22.681+00:00') ON CONFLICT (id) DO NOTHING;
INSERT INTO "Fee" (id, "memberId", amount, year, month, status, "paidAt", note, "createdAt") VALUES (31, 12, 30000, 2026, 7, 'paid', '2026-04-25T05:49:22.700+00:00', NULL, '2026-04-25T05:49:22.700+00:00') ON CONFLICT (id) DO NOTHING;
INSERT INTO "Fee" (id, "memberId", amount, year, month, status, "paidAt", note, "createdAt") VALUES (32, 12, 30000, 2026, 8, 'paid', '2026-04-25T05:49:22.719+00:00', NULL, '2026-04-25T05:49:22.720+00:00') ON CONFLICT (id) DO NOTHING;
INSERT INTO "Fee" (id, "memberId", amount, year, month, status, "paidAt", note, "createdAt") VALUES (33, 13, 30000, 2026, 1, 'paid', '2026-04-25T17:06:08.524+00:00', NULL, '2026-04-25T05:49:22.739+00:00') ON CONFLICT (id) DO NOTHING;
INSERT INTO "Fee" (id, "memberId", amount, year, month, status, "paidAt", note, "createdAt") VALUES (34, 13, 30000, 2026, 2, 'paid', '2026-04-25T05:49:22.758+00:00', NULL, '2026-04-25T05:49:22.758+00:00') ON CONFLICT (id) DO NOTHING;
INSERT INTO "Fee" (id, "memberId", amount, year, month, status, "paidAt", note, "createdAt") VALUES (35, 13, 30000, 2026, 3, 'paid', '2026-04-25T05:49:22.777+00:00', NULL, '2026-04-25T05:49:22.778+00:00') ON CONFLICT (id) DO NOTHING;
INSERT INTO "Fee" (id, "memberId", amount, year, month, status, "paidAt", note, "createdAt") VALUES (36, 13, 30000, 2026, 4, 'paid', '2026-04-25T05:49:22.800+00:00', NULL, '2026-04-25T05:49:22.801+00:00') ON CONFLICT (id) DO NOTHING;
INSERT INTO "Fee" (id, "memberId", amount, year, month, status, "paidAt", note, "createdAt") VALUES (37, 14, 30000, 2026, 1, 'paid', '2026-04-25T05:49:22.823+00:00', NULL, '2026-04-25T05:49:22.823+00:00') ON CONFLICT (id) DO NOTHING;
INSERT INTO "Fee" (id, "memberId", amount, year, month, status, "paidAt", note, "createdAt") VALUES (38, 14, 30000, 2026, 2, 'paid', '2026-04-25T05:49:22.848+00:00', NULL, '2026-04-25T05:49:22.848+00:00') ON CONFLICT (id) DO NOTHING;
INSERT INTO "Fee" (id, "memberId", amount, year, month, status, "paidAt", note, "createdAt") VALUES (39, 14, 30000, 2026, 3, 'paid', '2026-04-25T05:49:22.873+00:00', NULL, '2026-04-25T05:49:22.873+00:00') ON CONFLICT (id) DO NOTHING;
INSERT INTO "Fee" (id, "memberId", amount, year, month, status, "paidAt", note, "createdAt") VALUES (40, 14, 30000, 2026, 4, 'paid', '2026-04-25T05:49:22.897+00:00', NULL, '2026-04-25T05:49:22.897+00:00') ON CONFLICT (id) DO NOTHING;
INSERT INTO "Fee" (id, "memberId", amount, year, month, status, "paidAt", note, "createdAt") VALUES (41, 15, 30000, 2026, 1, 'paid', '2026-04-25T05:49:22.913+00:00', NULL, '2026-04-25T05:49:22.914+00:00') ON CONFLICT (id) DO NOTHING;
INSERT INTO "Fee" (id, "memberId", amount, year, month, status, "paidAt", note, "createdAt") VALUES (42, 15, 30000, 2026, 2, 'paid', '2026-04-25T05:49:22.935+00:00', NULL, '2026-04-25T05:49:22.935+00:00') ON CONFLICT (id) DO NOTHING;
INSERT INTO "Fee" (id, "memberId", amount, year, month, status, "paidAt", note, "createdAt") VALUES (43, 15, 30000, 2026, 4, 'paid', '2026-04-25T05:49:22.955+00:00', NULL, '2026-04-25T05:49:22.955+00:00') ON CONFLICT (id) DO NOTHING;
INSERT INTO "Fee" (id, "memberId", amount, year, month, status, "paidAt", note, "createdAt") VALUES (44, 1, 30000, 2026, 1, 'paid', '2026-04-25T05:49:22.980+00:00', NULL, '2026-04-25T05:49:22.981+00:00') ON CONFLICT (id) DO NOTHING;
INSERT INTO "Fee" (id, "memberId", amount, year, month, status, "paidAt", note, "createdAt") VALUES (45, 1, 30000, 2026, 2, 'paid', '2026-04-25T05:49:23.009+00:00', NULL, '2026-04-25T05:49:23.009+00:00') ON CONFLICT (id) DO NOTHING;
INSERT INTO "Fee" (id, "memberId", amount, year, month, status, "paidAt", note, "createdAt") VALUES (46, 16, 30000, 2026, 1, 'paid', '2026-04-25T05:49:23.029+00:00', NULL, '2026-04-25T05:49:23.029+00:00') ON CONFLICT (id) DO NOTHING;
INSERT INTO "Fee" (id, "memberId", amount, year, month, status, "paidAt", note, "createdAt") VALUES (47, 16, 30000, 2026, 2, 'paid', '2026-04-25T05:49:23.045+00:00', NULL, '2026-04-25T05:49:23.045+00:00') ON CONFLICT (id) DO NOTHING;
INSERT INTO "Fee" (id, "memberId", amount, year, month, status, "paidAt", note, "createdAt") VALUES (48, 16, 30000, 2026, 3, 'paid', '2026-04-25T05:49:23.065+00:00', NULL, '2026-04-25T05:49:23.066+00:00') ON CONFLICT (id) DO NOTHING;
INSERT INTO "Fee" (id, "memberId", amount, year, month, status, "paidAt", note, "createdAt") VALUES (49, 16, 30000, 2026, 4, 'paid', '2026-04-25T05:49:23.092+00:00', NULL, '2026-04-25T05:49:23.093+00:00') ON CONFLICT (id) DO NOTHING;
INSERT INTO "Fee" (id, "memberId", amount, year, month, status, "paidAt", note, "createdAt") VALUES (50, 17, 30000, 2026, 1, 'paid', '2026-04-25T05:49:23.113+00:00', NULL, '2026-04-25T05:49:23.113+00:00') ON CONFLICT (id) DO NOTHING;
INSERT INTO "Fee" (id, "memberId", amount, year, month, status, "paidAt", note, "createdAt") VALUES (51, 18, 30000, 2026, 1, 'paid', '2026-04-25T05:49:23.133+00:00', NULL, '2026-04-25T05:49:23.133+00:00') ON CONFLICT (id) DO NOTHING;
INSERT INTO "Fee" (id, "memberId", amount, year, month, status, "paidAt", note, "createdAt") VALUES (56, 12, 30000, 2025, 1, 'paid', '2026-04-25T05:49:23.270+00:00', NULL, '2026-04-25T05:49:23.270+00:00') ON CONFLICT (id) DO NOTHING;
INSERT INTO "Fee" (id, "memberId", amount, year, month, status, "paidAt", note, "createdAt") VALUES (57, 12, 30000, 2025, 2, 'paid', '2026-04-25T05:49:23.297+00:00', NULL, '2026-04-25T05:49:23.297+00:00') ON CONFLICT (id) DO NOTHING;
INSERT INTO "Fee" (id, "memberId", amount, year, month, status, "paidAt", note, "createdAt") VALUES (58, 12, 30000, 2025, 3, 'paid', '2026-04-25T05:49:23.316+00:00', NULL, '2026-04-25T05:49:23.316+00:00') ON CONFLICT (id) DO NOTHING;
INSERT INTO "Fee" (id, "memberId", amount, year, month, status, "paidAt", note, "createdAt") VALUES (59, 12, 30000, 2025, 4, 'paid', '2026-04-25T05:49:23.340+00:00', NULL, '2026-04-25T05:49:23.340+00:00') ON CONFLICT (id) DO NOTHING;
INSERT INTO "Fee" (id, "memberId", amount, year, month, status, "paidAt", note, "createdAt") VALUES (60, 12, 30000, 2025, 5, 'paid', '2026-04-25T05:49:23.364+00:00', NULL, '2026-04-25T05:49:23.364+00:00') ON CONFLICT (id) DO NOTHING;
INSERT INTO "Fee" (id, "memberId", amount, year, month, status, "paidAt", note, "createdAt") VALUES (61, 12, 30000, 2025, 6, 'paid', '2026-04-25T05:49:23.390+00:00', NULL, '2026-04-25T05:49:23.390+00:00') ON CONFLICT (id) DO NOTHING;
INSERT INTO "Fee" (id, "memberId", amount, year, month, status, "paidAt", note, "createdAt") VALUES (62, 12, 30000, 2025, 7, 'paid', '2026-04-25T05:49:23.412+00:00', NULL, '2026-04-25T05:49:23.412+00:00') ON CONFLICT (id) DO NOTHING;
INSERT INTO "Fee" (id, "memberId", amount, year, month, status, "paidAt", note, "createdAt") VALUES (63, 12, 30000, 2025, 8, 'paid', '2026-04-25T05:49:23.433+00:00', NULL, '2026-04-25T05:49:23.433+00:00') ON CONFLICT (id) DO NOTHING;
INSERT INTO "Fee" (id, "memberId", amount, year, month, status, "paidAt", note, "createdAt") VALUES (64, 12, 30000, 2025, 9, 'paid', '2026-04-25T05:49:23.451+00:00', NULL, '2026-04-25T05:49:23.451+00:00') ON CONFLICT (id) DO NOTHING;
INSERT INTO "Fee" (id, "memberId", amount, year, month, status, "paidAt", note, "createdAt") VALUES (65, 12, 30000, 2025, 10, 'paid', '2026-04-25T05:49:23.471+00:00', NULL, '2026-04-25T05:49:23.471+00:00') ON CONFLICT (id) DO NOTHING;
INSERT INTO "Fee" (id, "memberId", amount, year, month, status, "paidAt", note, "createdAt") VALUES (66, 12, 30000, 2025, 11, 'paid', '2026-04-25T05:49:23.492+00:00', NULL, '2026-04-25T05:49:23.492+00:00') ON CONFLICT (id) DO NOTHING;
INSERT INTO "Fee" (id, "memberId", amount, year, month, status, "paidAt", note, "createdAt") VALUES (67, 12, 30000, 2025, 12, 'paid', '2026-04-25T05:49:23.511+00:00', NULL, '2026-04-25T05:49:23.511+00:00') ON CONFLICT (id) DO NOTHING;
INSERT INTO "Fee" (id, "memberId", amount, year, month, status, "paidAt", note, "createdAt") VALUES (68, 6, 30000, 2025, 1, 'paid', '2026-04-25T05:49:23.527+00:00', NULL, '2026-04-25T05:49:23.528+00:00') ON CONFLICT (id) DO NOTHING;
INSERT INTO "Fee" (id, "memberId", amount, year, month, status, "paidAt", note, "createdAt") VALUES (69, 6, 30000, 2025, 2, 'paid', '2026-04-25T05:49:23.545+00:00', NULL, '2026-04-25T05:49:23.545+00:00') ON CONFLICT (id) DO NOTHING;
INSERT INTO "Fee" (id, "memberId", amount, year, month, status, "paidAt", note, "createdAt") VALUES (70, 6, 30000, 2025, 3, 'paid', '2026-04-25T05:49:23.561+00:00', NULL, '2026-04-25T05:49:23.561+00:00') ON CONFLICT (id) DO NOTHING;
INSERT INTO "Fee" (id, "memberId", amount, year, month, status, "paidAt", note, "createdAt") VALUES (71, 6, 30000, 2025, 4, 'paid', '2026-04-25T05:49:23.578+00:00', NULL, '2026-04-25T05:49:23.579+00:00') ON CONFLICT (id) DO NOTHING;
INSERT INTO "Fee" (id, "memberId", amount, year, month, status, "paidAt", note, "createdAt") VALUES (72, 6, 30000, 2025, 5, 'paid', '2026-04-25T05:49:23.597+00:00', NULL, '2026-04-25T05:49:23.598+00:00') ON CONFLICT (id) DO NOTHING;
INSERT INTO "Fee" (id, "memberId", amount, year, month, status, "paidAt", note, "createdAt") VALUES (73, 6, 30000, 2025, 6, 'paid', '2026-04-25T05:49:23.617+00:00', NULL, '2026-04-25T05:49:23.617+00:00') ON CONFLICT (id) DO NOTHING;
INSERT INTO "Fee" (id, "memberId", amount, year, month, status, "paidAt", note, "createdAt") VALUES (74, 6, 30000, 2025, 7, 'paid', '2026-04-25T05:49:23.633+00:00', NULL, '2026-04-25T05:49:23.633+00:00') ON CONFLICT (id) DO NOTHING;
INSERT INTO "Fee" (id, "memberId", amount, year, month, status, "paidAt", note, "createdAt") VALUES (75, 6, 30000, 2025, 8, 'paid', '2026-04-25T05:49:23.653+00:00', NULL, '2026-04-25T05:49:23.653+00:00') ON CONFLICT (id) DO NOTHING;
INSERT INTO "Fee" (id, "memberId", amount, year, month, status, "paidAt", note, "createdAt") VALUES (76, 6, 30000, 2025, 9, 'paid', '2026-04-25T05:49:23.673+00:00', NULL, '2026-04-25T05:49:23.673+00:00') ON CONFLICT (id) DO NOTHING;
INSERT INTO "Fee" (id, "memberId", amount, year, month, status, "paidAt", note, "createdAt") VALUES (77, 6, 30000, 2025, 12, 'paid', '2026-04-25T05:49:23.690+00:00', NULL, '2026-04-25T05:49:23.690+00:00') ON CONFLICT (id) DO NOTHING;
INSERT INTO "Fee" (id, "memberId", amount, year, month, status, "paidAt", note, "createdAt") VALUES (78, 7, 30000, 2025, 1, 'paid', '2026-04-25T05:49:23.708+00:00', NULL, '2026-04-25T05:49:23.708+00:00') ON CONFLICT (id) DO NOTHING;
INSERT INTO "Fee" (id, "memberId", amount, year, month, status, "paidAt", note, "createdAt") VALUES (79, 7, 30000, 2025, 2, 'paid', '2026-04-25T05:49:23.730+00:00', NULL, '2026-04-25T05:49:23.730+00:00') ON CONFLICT (id) DO NOTHING;
INSERT INTO "Fee" (id, "memberId", amount, year, month, status, "paidAt", note, "createdAt") VALUES (80, 7, 30000, 2025, 3, 'paid', '2026-04-25T05:49:23.745+00:00', NULL, '2026-04-25T05:49:23.746+00:00') ON CONFLICT (id) DO NOTHING;
INSERT INTO "Fee" (id, "memberId", amount, year, month, status, "paidAt", note, "createdAt") VALUES (81, 7, 30000, 2025, 4, 'paid', '2026-04-25T05:49:23.764+00:00', NULL, '2026-04-25T05:49:23.764+00:00') ON CONFLICT (id) DO NOTHING;
INSERT INTO "Fee" (id, "memberId", amount, year, month, status, "paidAt", note, "createdAt") VALUES (82, 7, 30000, 2025, 5, 'paid', '2026-04-25T05:49:23.782+00:00', NULL, '2026-04-25T05:49:23.782+00:00') ON CONFLICT (id) DO NOTHING;
INSERT INTO "Fee" (id, "memberId", amount, year, month, status, "paidAt", note, "createdAt") VALUES (83, 7, 30000, 2025, 6, 'paid', '2026-04-25T05:49:23.799+00:00', NULL, '2026-04-25T05:49:23.799+00:00') ON CONFLICT (id) DO NOTHING;
INSERT INTO "Fee" (id, "memberId", amount, year, month, status, "paidAt", note, "createdAt") VALUES (84, 7, 30000, 2025, 7, 'paid', '2026-04-25T05:49:23.821+00:00', NULL, '2026-04-25T05:49:23.821+00:00') ON CONFLICT (id) DO NOTHING;
INSERT INTO "Fee" (id, "memberId", amount, year, month, status, "paidAt", note, "createdAt") VALUES (85, 7, 30000, 2025, 8, 'paid', '2026-04-25T05:49:23.859+00:00', NULL, '2026-04-25T05:49:23.860+00:00') ON CONFLICT (id) DO NOTHING;
INSERT INTO "Fee" (id, "memberId", amount, year, month, status, "paidAt", note, "createdAt") VALUES (86, 7, 30000, 2025, 9, 'paid', '2026-04-25T05:49:23.878+00:00', NULL, '2026-04-25T05:49:23.879+00:00') ON CONFLICT (id) DO NOTHING;
INSERT INTO "Fee" (id, "memberId", amount, year, month, status, "paidAt", note, "createdAt") VALUES (87, 7, 30000, 2025, 10, 'paid', '2026-04-25T05:49:23.902+00:00', NULL, '2026-04-25T05:49:23.902+00:00') ON CONFLICT (id) DO NOTHING;
INSERT INTO "Fee" (id, "memberId", amount, year, month, status, "paidAt", note, "createdAt") VALUES (88, 7, 30000, 2025, 11, 'paid', '2026-04-25T05:49:23.921+00:00', NULL, '2026-04-25T05:49:23.921+00:00') ON CONFLICT (id) DO NOTHING;
INSERT INTO "Fee" (id, "memberId", amount, year, month, status, "paidAt", note, "createdAt") VALUES (89, 7, 30000, 2025, 12, 'paid', '2026-04-25T05:49:23.944+00:00', NULL, '2026-04-25T05:49:23.945+00:00') ON CONFLICT (id) DO NOTHING;
INSERT INTO "Fee" (id, "memberId", amount, year, month, status, "paidAt", note, "createdAt") VALUES (90, 9, 30000, 2025, 1, 'paid', '2026-04-25T05:49:23.969+00:00', NULL, '2026-04-25T05:49:23.969+00:00') ON CONFLICT (id) DO NOTHING;
INSERT INTO "Fee" (id, "memberId", amount, year, month, status, "paidAt", note, "createdAt") VALUES (91, 9, 30000, 2025, 2, 'paid', '2026-04-25T05:49:23.989+00:00', NULL, '2026-04-25T05:49:23.989+00:00') ON CONFLICT (id) DO NOTHING;
INSERT INTO "Fee" (id, "memberId", amount, year, month, status, "paidAt", note, "createdAt") VALUES (92, 9, 30000, 2025, 3, 'paid', '2026-04-25T05:49:24.016+00:00', NULL, '2026-04-25T05:49:24.016+00:00') ON CONFLICT (id) DO NOTHING;
INSERT INTO "Fee" (id, "memberId", amount, year, month, status, "paidAt", note, "createdAt") VALUES (93, 9, 30000, 2025, 4, 'paid', '2026-04-25T05:49:24.038+00:00', NULL, '2026-04-25T05:49:24.039+00:00') ON CONFLICT (id) DO NOTHING;
INSERT INTO "Fee" (id, "memberId", amount, year, month, status, "paidAt", note, "createdAt") VALUES (94, 9, 30000, 2025, 5, 'paid', '2026-04-25T05:49:24.068+00:00', NULL, '2026-04-25T05:49:24.068+00:00') ON CONFLICT (id) DO NOTHING;
INSERT INTO "Fee" (id, "memberId", amount, year, month, status, "paidAt", note, "createdAt") VALUES (95, 9, 30000, 2025, 6, 'paid', '2026-04-25T05:49:24.088+00:00', NULL, '2026-04-25T05:49:24.089+00:00') ON CONFLICT (id) DO NOTHING;
INSERT INTO "Fee" (id, "memberId", amount, year, month, status, "paidAt", note, "createdAt") VALUES (96, 9, 30000, 2025, 7, 'paid', '2026-04-25T05:49:24.107+00:00', NULL, '2026-04-25T05:49:24.107+00:00') ON CONFLICT (id) DO NOTHING;
INSERT INTO "Fee" (id, "memberId", amount, year, month, status, "paidAt", note, "createdAt") VALUES (97, 9, 30000, 2025, 8, 'paid', '2026-04-25T05:49:24.126+00:00', NULL, '2026-04-25T05:49:24.126+00:00') ON CONFLICT (id) DO NOTHING;
INSERT INTO "Fee" (id, "memberId", amount, year, month, status, "paidAt", note, "createdAt") VALUES (98, 9, 30000, 2025, 9, 'paid', '2026-04-25T05:49:24.152+00:00', NULL, '2026-04-25T05:49:24.152+00:00') ON CONFLICT (id) DO NOTHING;
INSERT INTO "Fee" (id, "memberId", amount, year, month, status, "paidAt", note, "createdAt") VALUES (99, 9, 30000, 2025, 10, 'paid', '2026-04-25T05:49:24.174+00:00', NULL, '2026-04-25T05:49:24.174+00:00') ON CONFLICT (id) DO NOTHING;
INSERT INTO "Fee" (id, "memberId", amount, year, month, status, "paidAt", note, "createdAt") VALUES (100, 9, 30000, 2025, 11, 'paid', '2026-04-25T05:49:24.191+00:00', NULL, '2026-04-25T05:49:24.192+00:00') ON CONFLICT (id) DO NOTHING;
INSERT INTO "Fee" (id, "memberId", amount, year, month, status, "paidAt", note, "createdAt") VALUES (101, 9, 30000, 2025, 12, 'paid', '2026-04-25T05:49:24.215+00:00', NULL, '2026-04-25T05:49:24.216+00:00') ON CONFLICT (id) DO NOTHING;
INSERT INTO "Fee" (id, "memberId", amount, year, month, status, "paidAt", note, "createdAt") VALUES (102, 8, 30000, 2025, 1, 'paid', '2026-04-25T05:49:24.235+00:00', NULL, '2026-04-25T05:49:24.236+00:00') ON CONFLICT (id) DO NOTHING;
INSERT INTO "Fee" (id, "memberId", amount, year, month, status, "paidAt", note, "createdAt") VALUES (103, 8, 30000, 2025, 2, 'paid', '2026-04-25T05:49:24.255+00:00', NULL, '2026-04-25T05:49:24.255+00:00') ON CONFLICT (id) DO NOTHING;
INSERT INTO "Fee" (id, "memberId", amount, year, month, status, "paidAt", note, "createdAt") VALUES (104, 8, 30000, 2025, 3, 'paid', '2026-04-25T05:49:24.272+00:00', NULL, '2026-04-25T05:49:24.272+00:00') ON CONFLICT (id) DO NOTHING;
INSERT INTO "Fee" (id, "memberId", amount, year, month, status, "paidAt", note, "createdAt") VALUES (105, 8, 30000, 2025, 4, 'paid', '2026-04-25T05:49:24.298+00:00', NULL, '2026-04-25T05:49:24.298+00:00') ON CONFLICT (id) DO NOTHING;
INSERT INTO "Fee" (id, "memberId", amount, year, month, status, "paidAt", note, "createdAt") VALUES (106, 8, 30000, 2025, 5, 'paid', '2026-04-25T05:49:24.317+00:00', NULL, '2026-04-25T05:49:24.318+00:00') ON CONFLICT (id) DO NOTHING;
INSERT INTO "Fee" (id, "memberId", amount, year, month, status, "paidAt", note, "createdAt") VALUES (107, 8, 30000, 2025, 6, 'paid', '2026-04-25T05:49:24.335+00:00', NULL, '2026-04-25T05:49:24.335+00:00') ON CONFLICT (id) DO NOTHING;
INSERT INTO "Fee" (id, "memberId", amount, year, month, status, "paidAt", note, "createdAt") VALUES (108, 8, 30000, 2025, 7, 'paid', '2026-04-25T05:49:24.360+00:00', NULL, '2026-04-25T05:49:24.360+00:00') ON CONFLICT (id) DO NOTHING;
INSERT INTO "Fee" (id, "memberId", amount, year, month, status, "paidAt", note, "createdAt") VALUES (109, 8, 30000, 2025, 8, 'paid', '2026-04-25T05:49:24.381+00:00', NULL, '2026-04-25T05:49:24.381+00:00') ON CONFLICT (id) DO NOTHING;
INSERT INTO "Fee" (id, "memberId", amount, year, month, status, "paidAt", note, "createdAt") VALUES (110, 8, 30000, 2025, 9, 'paid', '2026-04-25T05:49:24.400+00:00', NULL, '2026-04-25T05:49:24.400+00:00') ON CONFLICT (id) DO NOTHING;
INSERT INTO "Fee" (id, "memberId", amount, year, month, status, "paidAt", note, "createdAt") VALUES (111, 8, 30000, 2025, 10, 'paid', '2026-04-25T05:49:24.419+00:00', NULL, '2026-04-25T05:49:24.420+00:00') ON CONFLICT (id) DO NOTHING;
INSERT INTO "Fee" (id, "memberId", amount, year, month, status, "paidAt", note, "createdAt") VALUES (112, 8, 30000, 2025, 11, 'paid', '2026-04-25T05:49:24.440+00:00', NULL, '2026-04-25T05:49:24.441+00:00') ON CONFLICT (id) DO NOTHING;
INSERT INTO "Fee" (id, "memberId", amount, year, month, status, "paidAt", note, "createdAt") VALUES (113, 8, 30000, 2025, 12, 'paid', '2026-04-25T05:49:24.461+00:00', NULL, '2026-04-25T05:49:24.461+00:00') ON CONFLICT (id) DO NOTHING;
INSERT INTO "Fee" (id, "memberId", amount, year, month, status, "paidAt", note, "createdAt") VALUES (114, 10, 30000, 2025, 2, 'paid', '2026-04-25T05:49:24.486+00:00', NULL, '2026-04-25T05:49:24.486+00:00') ON CONFLICT (id) DO NOTHING;
INSERT INTO "Fee" (id, "memberId", amount, year, month, status, "paidAt", note, "createdAt") VALUES (115, 10, 30000, 2025, 3, 'paid', '2026-04-25T05:49:24.506+00:00', NULL, '2026-04-25T05:49:24.506+00:00') ON CONFLICT (id) DO NOTHING;
INSERT INTO "Fee" (id, "memberId", amount, year, month, status, "paidAt", note, "createdAt") VALUES (116, 10, 30000, 2025, 4, 'paid', '2026-04-25T05:49:24.541+00:00', NULL, '2026-04-25T05:49:24.541+00:00') ON CONFLICT (id) DO NOTHING;
INSERT INTO "Fee" (id, "memberId", amount, year, month, status, "paidAt", note, "createdAt") VALUES (117, 10, 30000, 2025, 9, 'paid', '2026-04-25T05:49:24.563+00:00', NULL, '2026-04-25T05:49:24.563+00:00') ON CONFLICT (id) DO NOTHING;
INSERT INTO "Fee" (id, "memberId", amount, year, month, status, "paidAt", note, "createdAt") VALUES (118, 10, 30000, 2025, 10, 'paid', '2026-04-25T05:49:24.583+00:00', NULL, '2026-04-25T05:49:24.584+00:00') ON CONFLICT (id) DO NOTHING;
INSERT INTO "Fee" (id, "memberId", amount, year, month, status, "paidAt", note, "createdAt") VALUES (119, 10, 30000, 2025, 11, 'paid', '2026-04-25T05:49:24.612+00:00', NULL, '2026-04-25T05:49:24.612+00:00') ON CONFLICT (id) DO NOTHING;
INSERT INTO "Fee" (id, "memberId", amount, year, month, status, "paidAt", note, "createdAt") VALUES (120, 10, 30000, 2025, 12, 'paid', '2026-04-25T05:49:24.631+00:00', NULL, '2026-04-25T05:49:24.631+00:00') ON CONFLICT (id) DO NOTHING;
INSERT INTO "Fee" (id, "memberId", amount, year, month, status, "paidAt", note, "createdAt") VALUES (121, 10, 30000, 2026, 1, 'paid', '2026-04-25T05:49:24.652+00:00', NULL, '2026-04-25T05:49:24.652+00:00') ON CONFLICT (id) DO NOTHING;
INSERT INTO "Fee" (id, "memberId", amount, year, month, status, "paidAt", note, "createdAt") VALUES (122, 11, 30000, 2025, 1, 'paid', '2026-04-25T05:49:24.675+00:00', NULL, '2026-04-25T05:49:24.675+00:00') ON CONFLICT (id) DO NOTHING;
INSERT INTO "Fee" (id, "memberId", amount, year, month, status, "paidAt", note, "createdAt") VALUES (123, 11, 30000, 2025, 2, 'paid', '2026-04-25T05:49:24.695+00:00', NULL, '2026-04-25T05:49:24.695+00:00') ON CONFLICT (id) DO NOTHING;
INSERT INTO "Fee" (id, "memberId", amount, year, month, status, "paidAt", note, "createdAt") VALUES (124, 11, 30000, 2025, 3, 'paid', '2026-04-25T05:49:24.719+00:00', NULL, '2026-04-25T05:49:24.720+00:00') ON CONFLICT (id) DO NOTHING;
INSERT INTO "Fee" (id, "memberId", amount, year, month, status, "paidAt", note, "createdAt") VALUES (125, 11, 30000, 2025, 4, 'paid', '2026-04-25T05:49:24.739+00:00', NULL, '2026-04-25T05:49:24.739+00:00') ON CONFLICT (id) DO NOTHING;
INSERT INTO "Fee" (id, "memberId", amount, year, month, status, "paidAt", note, "createdAt") VALUES (126, 11, 30000, 2025, 5, 'paid', '2026-04-25T05:49:24.759+00:00', NULL, '2026-04-25T05:49:24.759+00:00') ON CONFLICT (id) DO NOTHING;
INSERT INTO "Fee" (id, "memberId", amount, year, month, status, "paidAt", note, "createdAt") VALUES (127, 11, 30000, 2025, 6, 'paid', '2026-04-25T05:49:24.778+00:00', NULL, '2026-04-25T05:49:24.779+00:00') ON CONFLICT (id) DO NOTHING;
INSERT INTO "Fee" (id, "memberId", amount, year, month, status, "paidAt", note, "createdAt") VALUES (128, 11, 30000, 2025, 7, 'paid', '2026-04-25T05:49:24.803+00:00', NULL, '2026-04-25T05:49:24.803+00:00') ON CONFLICT (id) DO NOTHING;
INSERT INTO "Fee" (id, "memberId", amount, year, month, status, "paidAt", note, "createdAt") VALUES (129, 11, 30000, 2025, 8, 'paid', '2026-04-25T05:49:24.822+00:00', NULL, '2026-04-25T05:49:24.822+00:00') ON CONFLICT (id) DO NOTHING;
INSERT INTO "Fee" (id, "memberId", amount, year, month, status, "paidAt", note, "createdAt") VALUES (130, 11, 30000, 2025, 10, 'paid', '2026-04-25T05:49:24.843+00:00', NULL, '2026-04-25T05:49:24.844+00:00') ON CONFLICT (id) DO NOTHING;
INSERT INTO "Fee" (id, "memberId", amount, year, month, status, "paidAt", note, "createdAt") VALUES (131, 11, 30000, 2025, 11, 'paid', '2026-04-25T05:49:24.866+00:00', NULL, '2026-04-25T05:49:24.866+00:00') ON CONFLICT (id) DO NOTHING;
INSERT INTO "Fee" (id, "memberId", amount, year, month, status, "paidAt", note, "createdAt") VALUES (132, 11, 30000, 2025, 12, 'paid', '2026-04-25T05:49:24.886+00:00', NULL, '2026-04-25T05:49:24.886+00:00') ON CONFLICT (id) DO NOTHING;
INSERT INTO "Fee" (id, "memberId", amount, year, month, status, "paidAt", note, "createdAt") VALUES (145, 14, 30000, 2025, 1, 'paid', '2026-04-25T05:49:25.187+00:00', NULL, '2026-04-25T05:49:25.187+00:00') ON CONFLICT (id) DO NOTHING;
INSERT INTO "Fee" (id, "memberId", amount, year, month, status, "paidAt", note, "createdAt") VALUES (146, 14, 30000, 2025, 2, 'paid', '2026-04-25T05:49:25.209+00:00', NULL, '2026-04-25T05:49:25.209+00:00') ON CONFLICT (id) DO NOTHING;
INSERT INTO "Fee" (id, "memberId", amount, year, month, status, "paidAt", note, "createdAt") VALUES (147, 14, 30000, 2025, 3, 'paid', '2026-04-25T05:49:25.232+00:00', NULL, '2026-04-25T05:49:25.233+00:00') ON CONFLICT (id) DO NOTHING;
INSERT INTO "Fee" (id, "memberId", amount, year, month, status, "paidAt", note, "createdAt") VALUES (148, 14, 30000, 2025, 4, 'paid', '2026-04-25T05:49:25.251+00:00', NULL, '2026-04-25T05:49:25.252+00:00') ON CONFLICT (id) DO NOTHING;
INSERT INTO "Fee" (id, "memberId", amount, year, month, status, "paidAt", note, "createdAt") VALUES (149, 14, 30000, 2025, 5, 'paid', '2026-04-25T05:49:25.273+00:00', NULL, '2026-04-25T05:49:25.273+00:00') ON CONFLICT (id) DO NOTHING;
INSERT INTO "Fee" (id, "memberId", amount, year, month, status, "paidAt", note, "createdAt") VALUES (150, 14, 30000, 2025, 6, 'paid', '2026-04-25T05:49:25.293+00:00', NULL, '2026-04-25T05:49:25.293+00:00') ON CONFLICT (id) DO NOTHING;
INSERT INTO "Fee" (id, "memberId", amount, year, month, status, "paidAt", note, "createdAt") VALUES (151, 14, 30000, 2025, 7, 'paid', '2026-04-25T05:49:25.315+00:00', NULL, '2026-04-25T05:49:25.315+00:00') ON CONFLICT (id) DO NOTHING;
INSERT INTO "Fee" (id, "memberId", amount, year, month, status, "paidAt", note, "createdAt") VALUES (152, 14, 30000, 2025, 8, 'paid', '2026-04-25T05:49:25.344+00:00', NULL, '2026-04-25T05:49:25.344+00:00') ON CONFLICT (id) DO NOTHING;
INSERT INTO "Fee" (id, "memberId", amount, year, month, status, "paidAt", note, "createdAt") VALUES (153, 14, 30000, 2025, 9, 'paid', '2026-04-25T05:49:25.377+00:00', NULL, '2026-04-25T05:49:25.377+00:00') ON CONFLICT (id) DO NOTHING;
INSERT INTO "Fee" (id, "memberId", amount, year, month, status, "paidAt", note, "createdAt") VALUES (154, 14, 30000, 2025, 10, 'paid', '2026-04-25T05:49:25.401+00:00', NULL, '2026-04-25T05:49:25.401+00:00') ON CONFLICT (id) DO NOTHING;
INSERT INTO "Fee" (id, "memberId", amount, year, month, status, "paidAt", note, "createdAt") VALUES (155, 14, 30000, 2025, 11, 'paid', '2026-04-25T05:49:25.423+00:00', NULL, '2026-04-25T05:49:25.423+00:00') ON CONFLICT (id) DO NOTHING;
INSERT INTO "Fee" (id, "memberId", amount, year, month, status, "paidAt", note, "createdAt") VALUES (156, 14, 30000, 2025, 12, 'paid', '2026-04-25T05:49:25.442+00:00', NULL, '2026-04-25T05:49:25.442+00:00') ON CONFLICT (id) DO NOTHING;
INSERT INTO "Fee" (id, "memberId", amount, year, month, status, "paidAt", note, "createdAt") VALUES (157, 1, 30000, 2025, 1, 'paid', '2026-04-25T05:49:25.466+00:00', NULL, '2026-04-25T05:49:25.466+00:00') ON CONFLICT (id) DO NOTHING;
INSERT INTO "Fee" (id, "memberId", amount, year, month, status, "paidAt", note, "createdAt") VALUES (158, 1, 30000, 2025, 2, 'paid', '2026-04-25T05:49:25.487+00:00', NULL, '2026-04-25T05:49:25.487+00:00') ON CONFLICT (id) DO NOTHING;
INSERT INTO "Fee" (id, "memberId", amount, year, month, status, "paidAt", note, "createdAt") VALUES (159, 1, 30000, 2025, 3, 'paid', '2026-04-25T05:49:25.508+00:00', NULL, '2026-04-25T05:49:25.508+00:00') ON CONFLICT (id) DO NOTHING;
INSERT INTO "Fee" (id, "memberId", amount, year, month, status, "paidAt", note, "createdAt") VALUES (160, 1, 30000, 2025, 4, 'paid', '2026-04-25T05:49:25.532+00:00', NULL, '2026-04-25T05:49:25.532+00:00') ON CONFLICT (id) DO NOTHING;
INSERT INTO "Fee" (id, "memberId", amount, year, month, status, "paidAt", note, "createdAt") VALUES (161, 1, 30000, 2025, 5, 'paid', '2026-04-25T05:49:25.556+00:00', NULL, '2026-04-25T05:49:25.556+00:00') ON CONFLICT (id) DO NOTHING;
INSERT INTO "Fee" (id, "memberId", amount, year, month, status, "paidAt", note, "createdAt") VALUES (162, 1, 30000, 2025, 6, 'paid', '2026-04-25T05:49:25.578+00:00', NULL, '2026-04-25T05:49:25.578+00:00') ON CONFLICT (id) DO NOTHING;
INSERT INTO "Fee" (id, "memberId", amount, year, month, status, "paidAt", note, "createdAt") VALUES (163, 1, 30000, 2025, 7, 'paid', '2026-04-25T05:49:25.597+00:00', NULL, '2026-04-25T05:49:25.597+00:00') ON CONFLICT (id) DO NOTHING;
INSERT INTO "Fee" (id, "memberId", amount, year, month, status, "paidAt", note, "createdAt") VALUES (164, 1, 30000, 2025, 8, 'paid', '2026-04-25T05:49:25.617+00:00', NULL, '2026-04-25T05:49:25.617+00:00') ON CONFLICT (id) DO NOTHING;
INSERT INTO "Fee" (id, "memberId", amount, year, month, status, "paidAt", note, "createdAt") VALUES (165, 1, 30000, 2025, 9, 'paid', '2026-04-25T05:49:25.639+00:00', NULL, '2026-04-25T05:49:25.639+00:00') ON CONFLICT (id) DO NOTHING;
INSERT INTO "Fee" (id, "memberId", amount, year, month, status, "paidAt", note, "createdAt") VALUES (166, 1, 30000, 2025, 10, 'paid', '2026-04-25T05:49:25.665+00:00', NULL, '2026-04-25T05:49:25.666+00:00') ON CONFLICT (id) DO NOTHING;
INSERT INTO "Fee" (id, "memberId", amount, year, month, status, "paidAt", note, "createdAt") VALUES (167, 1, 30000, 2025, 11, 'paid', '2026-04-25T05:49:25.684+00:00', NULL, '2026-04-25T05:49:25.685+00:00') ON CONFLICT (id) DO NOTHING;
INSERT INTO "Fee" (id, "memberId", amount, year, month, status, "paidAt", note, "createdAt") VALUES (168, 1, 30000, 2025, 12, 'paid', '2026-04-25T05:49:25.702+00:00', NULL, '2026-04-25T05:49:25.703+00:00') ON CONFLICT (id) DO NOTHING;
INSERT INTO "Fee" (id, "memberId", amount, year, month, status, "paidAt", note, "createdAt") VALUES (169, 16, 30000, 2025, 1, 'paid', '2026-04-25T05:49:25.722+00:00', NULL, '2026-04-25T05:49:25.722+00:00') ON CONFLICT (id) DO NOTHING;
INSERT INTO "Fee" (id, "memberId", amount, year, month, status, "paidAt", note, "createdAt") VALUES (170, 16, 30000, 2025, 3, 'paid', '2026-04-25T05:49:25.743+00:00', NULL, '2026-04-25T05:49:25.744+00:00') ON CONFLICT (id) DO NOTHING;
INSERT INTO "Fee" (id, "memberId", amount, year, month, status, "paidAt", note, "createdAt") VALUES (171, 16, 30000, 2025, 4, 'paid', '2026-04-25T05:49:25.762+00:00', NULL, '2026-04-25T05:49:25.763+00:00') ON CONFLICT (id) DO NOTHING;
INSERT INTO "Fee" (id, "memberId", amount, year, month, status, "paidAt", note, "createdAt") VALUES (172, 16, 30000, 2025, 5, 'paid', '2026-04-25T05:49:25.789+00:00', NULL, '2026-04-25T05:49:25.789+00:00') ON CONFLICT (id) DO NOTHING;
INSERT INTO "Fee" (id, "memberId", amount, year, month, status, "paidAt", note, "createdAt") VALUES (173, 16, 30000, 2025, 6, 'paid', '2026-04-25T05:49:25.808+00:00', NULL, '2026-04-25T05:49:25.808+00:00') ON CONFLICT (id) DO NOTHING;
INSERT INTO "Fee" (id, "memberId", amount, year, month, status, "paidAt", note, "createdAt") VALUES (174, 16, 30000, 2025, 7, 'paid', '2026-04-25T05:49:25.832+00:00', NULL, '2026-04-25T05:49:25.832+00:00') ON CONFLICT (id) DO NOTHING;
INSERT INTO "Fee" (id, "memberId", amount, year, month, status, "paidAt", note, "createdAt") VALUES (175, 16, 30000, 2025, 8, 'paid', '2026-04-25T05:49:25.853+00:00', NULL, '2026-04-25T05:49:25.853+00:00') ON CONFLICT (id) DO NOTHING;
INSERT INTO "Fee" (id, "memberId", amount, year, month, status, "paidAt", note, "createdAt") VALUES (176, 16, 30000, 2025, 9, 'paid', '2026-04-25T05:49:25.870+00:00', NULL, '2026-04-25T05:49:25.871+00:00') ON CONFLICT (id) DO NOTHING;
INSERT INTO "Fee" (id, "memberId", amount, year, month, status, "paidAt", note, "createdAt") VALUES (177, 16, 30000, 2025, 10, 'paid', '2026-04-25T05:49:25.897+00:00', NULL, '2026-04-25T05:49:25.897+00:00') ON CONFLICT (id) DO NOTHING;
INSERT INTO "Fee" (id, "memberId", amount, year, month, status, "paidAt", note, "createdAt") VALUES (178, 16, 30000, 2025, 11, 'paid', '2026-04-25T05:49:25.921+00:00', NULL, '2026-04-25T05:49:25.921+00:00') ON CONFLICT (id) DO NOTHING;
INSERT INTO "Fee" (id, "memberId", amount, year, month, status, "paidAt", note, "createdAt") VALUES (179, 16, 30000, 2025, 12, 'paid', '2026-04-25T05:49:25.940+00:00', NULL, '2026-04-25T05:49:25.940+00:00') ON CONFLICT (id) DO NOTHING;
INSERT INTO "Fee" (id, "memberId", amount, year, month, status, "paidAt", note, "createdAt") VALUES (180, 17, 30000, 2025, 1, 'paid', '2026-04-25T05:49:25.959+00:00', NULL, '2026-04-25T05:49:25.960+00:00') ON CONFLICT (id) DO NOTHING;
INSERT INTO "Fee" (id, "memberId", amount, year, month, status, "paidAt", note, "createdAt") VALUES (181, 17, 30000, 2025, 2, 'paid', '2026-04-25T05:49:25.980+00:00', NULL, '2026-04-25T05:49:25.980+00:00') ON CONFLICT (id) DO NOTHING;
INSERT INTO "Fee" (id, "memberId", amount, year, month, status, "paidAt", note, "createdAt") VALUES (182, 17, 30000, 2025, 3, 'paid', '2026-04-25T05:49:25.999+00:00', NULL, '2026-04-25T05:49:26.000+00:00') ON CONFLICT (id) DO NOTHING;
INSERT INTO "Fee" (id, "memberId", amount, year, month, status, "paidAt", note, "createdAt") VALUES (183, 17, 30000, 2025, 4, 'paid', '2026-04-25T05:49:26.021+00:00', NULL, '2026-04-25T05:49:26.021+00:00') ON CONFLICT (id) DO NOTHING;
INSERT INTO "Fee" (id, "memberId", amount, year, month, status, "paidAt", note, "createdAt") VALUES (184, 17, 30000, 2025, 5, 'paid', '2026-04-25T05:49:26.041+00:00', NULL, '2026-04-25T05:49:26.041+00:00') ON CONFLICT (id) DO NOTHING;
INSERT INTO "Fee" (id, "memberId", amount, year, month, status, "paidAt", note, "createdAt") VALUES (185, 17, 30000, 2025, 8, 'paid', '2026-04-25T05:49:26.068+00:00', NULL, '2026-04-25T05:49:26.068+00:00') ON CONFLICT (id) DO NOTHING;
INSERT INTO "Fee" (id, "memberId", amount, year, month, status, "paidAt", note, "createdAt") VALUES (186, 17, 30000, 2025, 9, 'paid', '2026-04-25T05:49:26.090+00:00', NULL, '2026-04-25T05:49:26.090+00:00') ON CONFLICT (id) DO NOTHING;
INSERT INTO "Fee" (id, "memberId", amount, year, month, status, "paidAt", note, "createdAt") VALUES (187, 17, 30000, 2025, 10, 'paid', '2026-04-25T05:49:26.109+00:00', NULL, '2026-04-25T05:49:26.110+00:00') ON CONFLICT (id) DO NOTHING;
INSERT INTO "Fee" (id, "memberId", amount, year, month, status, "paidAt", note, "createdAt") VALUES (188, 18, 30000, 2025, 1, 'paid', '2026-04-25T05:49:26.138+00:00', NULL, '2026-04-25T05:49:26.139+00:00') ON CONFLICT (id) DO NOTHING;
INSERT INTO "Fee" (id, "memberId", amount, year, month, status, "paidAt", note, "createdAt") VALUES (189, 18, 30000, 2025, 4, 'paid', '2026-04-25T05:49:26.165+00:00', NULL, '2026-04-25T05:49:26.166+00:00') ON CONFLICT (id) DO NOTHING;
INSERT INTO "Fee" (id, "memberId", amount, year, month, status, "paidAt", note, "createdAt") VALUES (190, 18, 30000, 2025, 5, 'paid', '2026-04-25T05:49:26.191+00:00', NULL, '2026-04-25T05:49:26.191+00:00') ON CONFLICT (id) DO NOTHING;
INSERT INTO "Fee" (id, "memberId", amount, year, month, status, "paidAt", note, "createdAt") VALUES (191, 18, 30000, 2025, 6, 'paid', '2026-04-25T05:49:26.215+00:00', NULL, '2026-04-25T05:49:26.215+00:00') ON CONFLICT (id) DO NOTHING;
INSERT INTO "Fee" (id, "memberId", amount, year, month, status, "paidAt", note, "createdAt") VALUES (192, 18, 30000, 2025, 7, 'paid', '2026-04-25T05:49:26.236+00:00', NULL, '2026-04-25T05:49:26.236+00:00') ON CONFLICT (id) DO NOTHING;
INSERT INTO "Fee" (id, "memberId", amount, year, month, status, "paidAt", note, "createdAt") VALUES (193, 18, 30000, 2025, 8, 'paid', '2026-04-25T05:49:26.258+00:00', NULL, '2026-04-25T05:49:26.258+00:00') ON CONFLICT (id) DO NOTHING;
INSERT INTO "Fee" (id, "memberId", amount, year, month, status, "paidAt", note, "createdAt") VALUES (194, 13, 30000, 2025, 1, 'paid', '2026-04-25T05:49:26.293+00:00', NULL, '2026-04-25T05:49:26.293+00:00') ON CONFLICT (id) DO NOTHING;
INSERT INTO "Fee" (id, "memberId", amount, year, month, status, "paidAt", note, "createdAt") VALUES (195, 13, 30000, 2025, 6, 'paid', '2026-04-25T05:49:26.331+00:00', NULL, '2026-04-25T05:49:26.332+00:00') ON CONFLICT (id) DO NOTHING;
INSERT INTO "Fee" (id, "memberId", amount, year, month, status, "paidAt", note, "createdAt") VALUES (196, 13, 30000, 2025, 7, 'paid', '2026-04-25T05:49:26.354+00:00', NULL, '2026-04-25T05:49:26.355+00:00') ON CONFLICT (id) DO NOTHING;
INSERT INTO "Fee" (id, "memberId", amount, year, month, status, "paidAt", note, "createdAt") VALUES (197, 13, 30000, 2025, 8, 'paid', '2026-04-25T05:49:26.375+00:00', NULL, '2026-04-25T05:49:26.375+00:00') ON CONFLICT (id) DO NOTHING;
INSERT INTO "Fee" (id, "memberId", amount, year, month, status, "paidAt", note, "createdAt") VALUES (198, 13, 30000, 2025, 9, 'paid', '2026-04-25T05:49:26.394+00:00', NULL, '2026-04-25T05:49:26.394+00:00') ON CONFLICT (id) DO NOTHING;
INSERT INTO "Fee" (id, "memberId", amount, year, month, status, "paidAt", note, "createdAt") VALUES (199, 13, 30000, 2025, 10, 'paid', '2026-04-25T05:49:26.415+00:00', NULL, '2026-04-25T05:49:26.415+00:00') ON CONFLICT (id) DO NOTHING;
INSERT INTO "Fee" (id, "memberId", amount, year, month, status, "paidAt", note, "createdAt") VALUES (200, 13, 30000, 2025, 11, 'paid', '2026-04-25T05:49:26.438+00:00', NULL, '2026-04-25T05:49:26.438+00:00') ON CONFLICT (id) DO NOTHING;
INSERT INTO "Fee" (id, "memberId", amount, year, month, status, "paidAt", note, "createdAt") VALUES (201, 13, 30000, 2025, 12, 'paid', '2026-04-25T05:49:26.460+00:00', NULL, '2026-04-25T05:49:26.461+00:00') ON CONFLICT (id) DO NOTHING;
INSERT INTO "Fee" (id, "memberId", amount, year, month, status, "paidAt", note, "createdAt") VALUES (202, 15, 30000, 2025, 9, 'paid', '2026-04-25T05:49:26.484+00:00', NULL, '2026-04-25T05:49:26.485+00:00') ON CONFLICT (id) DO NOTHING;
INSERT INTO "Fee" (id, "memberId", amount, year, month, status, "paidAt", note, "createdAt") VALUES (203, 15, 30000, 2025, 10, 'paid', '2026-04-25T05:49:26.505+00:00', NULL, '2026-04-25T05:49:26.506+00:00') ON CONFLICT (id) DO NOTHING;
INSERT INTO "Fee" (id, "memberId", amount, year, month, status, "paidAt", note, "createdAt") VALUES (204, 15, 30000, 2025, 11, 'paid', '2026-04-25T05:49:26.525+00:00', NULL, '2026-04-25T05:49:26.525+00:00') ON CONFLICT (id) DO NOTHING;
INSERT INTO "Fee" (id, "memberId", amount, year, month, status, "paidAt", note, "createdAt") VALUES (205, 15, 30000, 2025, 12, 'paid', '2026-04-25T05:49:26.553+00:00', NULL, '2026-04-25T05:49:26.553+00:00') ON CONFLICT (id) DO NOTHING;
INSERT INTO "Fee" (id, "memberId", amount, year, month, status, "paidAt", note, "createdAt") VALUES (206, 12, 30000, 2024, 7, 'paid', '2026-04-25T05:49:26.613+00:00', NULL, '2026-04-25T05:49:26.613+00:00') ON CONFLICT (id) DO NOTHING;
INSERT INTO "Fee" (id, "memberId", amount, year, month, status, "paidAt", note, "createdAt") VALUES (207, 12, 30000, 2024, 8, 'paid', '2026-04-25T05:49:26.635+00:00', NULL, '2026-04-25T05:49:26.635+00:00') ON CONFLICT (id) DO NOTHING;
INSERT INTO "Fee" (id, "memberId", amount, year, month, status, "paidAt", note, "createdAt") VALUES (208, 12, 30000, 2024, 9, 'paid', '2026-04-25T05:49:26.662+00:00', NULL, '2026-04-25T05:49:26.662+00:00') ON CONFLICT (id) DO NOTHING;
INSERT INTO "Fee" (id, "memberId", amount, year, month, status, "paidAt", note, "createdAt") VALUES (209, 12, 30000, 2024, 10, 'paid', '2026-04-25T05:49:26.683+00:00', NULL, '2026-04-25T05:49:26.683+00:00') ON CONFLICT (id) DO NOTHING;
INSERT INTO "Fee" (id, "memberId", amount, year, month, status, "paidAt", note, "createdAt") VALUES (210, 12, 30000, 2024, 11, 'paid', '2026-04-25T05:49:26.701+00:00', NULL, '2026-04-25T05:49:26.702+00:00') ON CONFLICT (id) DO NOTHING;
INSERT INTO "Fee" (id, "memberId", amount, year, month, status, "paidAt", note, "createdAt") VALUES (211, 12, 30000, 2024, 12, 'paid', '2026-04-25T05:49:26.723+00:00', NULL, '2026-04-25T05:49:26.723+00:00') ON CONFLICT (id) DO NOTHING;
INSERT INTO "Fee" (id, "memberId", amount, year, month, status, "paidAt", note, "createdAt") VALUES (212, 6, 30000, 2024, 7, 'paid', '2026-04-25T05:49:26.745+00:00', NULL, '2026-04-25T05:49:26.745+00:00') ON CONFLICT (id) DO NOTHING;
INSERT INTO "Fee" (id, "memberId", amount, year, month, status, "paidAt", note, "createdAt") VALUES (213, 6, 30000, 2024, 8, 'paid', '2026-04-25T05:49:26.770+00:00', NULL, '2026-04-25T05:49:26.771+00:00') ON CONFLICT (id) DO NOTHING;
INSERT INTO "Fee" (id, "memberId", amount, year, month, status, "paidAt", note, "createdAt") VALUES (214, 6, 30000, 2024, 9, 'paid', '2026-04-25T05:49:26.794+00:00', NULL, '2026-04-25T05:49:26.795+00:00') ON CONFLICT (id) DO NOTHING;
INSERT INTO "Fee" (id, "memberId", amount, year, month, status, "paidAt", note, "createdAt") VALUES (215, 6, 30000, 2024, 10, 'paid', '2026-04-25T05:49:26.815+00:00', NULL, '2026-04-25T05:49:26.816+00:00') ON CONFLICT (id) DO NOTHING;
INSERT INTO "Fee" (id, "memberId", amount, year, month, status, "paidAt", note, "createdAt") VALUES (216, 6, 30000, 2024, 11, 'paid', '2026-04-25T05:49:26.835+00:00', NULL, '2026-04-25T05:49:26.836+00:00') ON CONFLICT (id) DO NOTHING;
INSERT INTO "Fee" (id, "memberId", amount, year, month, status, "paidAt", note, "createdAt") VALUES (217, 6, 30000, 2024, 12, 'paid', '2026-04-25T05:49:26.856+00:00', NULL, '2026-04-25T05:49:26.856+00:00') ON CONFLICT (id) DO NOTHING;
INSERT INTO "Fee" (id, "memberId", amount, year, month, status, "paidAt", note, "createdAt") VALUES (224, 7, 30000, 2024, 7, 'paid', '2026-04-25T05:49:27.005+00:00', NULL, '2026-04-25T05:49:27.005+00:00') ON CONFLICT (id) DO NOTHING;
INSERT INTO "Fee" (id, "memberId", amount, year, month, status, "paidAt", note, "createdAt") VALUES (225, 7, 30000, 2024, 8, 'paid', '2026-04-25T05:49:27.030+00:00', NULL, '2026-04-25T05:49:27.030+00:00') ON CONFLICT (id) DO NOTHING;
INSERT INTO "Fee" (id, "memberId", amount, year, month, status, "paidAt", note, "createdAt") VALUES (226, 7, 30000, 2024, 9, 'paid', '2026-04-25T05:49:27.058+00:00', NULL, '2026-04-25T05:49:27.058+00:00') ON CONFLICT (id) DO NOTHING;
INSERT INTO "Fee" (id, "memberId", amount, year, month, status, "paidAt", note, "createdAt") VALUES (227, 7, 30000, 2024, 10, 'paid', '2026-04-25T05:49:27.082+00:00', NULL, '2026-04-25T05:49:27.082+00:00') ON CONFLICT (id) DO NOTHING;
INSERT INTO "Fee" (id, "memberId", amount, year, month, status, "paidAt", note, "createdAt") VALUES (228, 7, 30000, 2024, 11, 'paid', '2026-04-25T05:49:27.101+00:00', NULL, '2026-04-25T05:49:27.101+00:00') ON CONFLICT (id) DO NOTHING;
INSERT INTO "Fee" (id, "memberId", amount, year, month, status, "paidAt", note, "createdAt") VALUES (229, 7, 30000, 2024, 12, 'paid', '2026-04-25T05:49:27.120+00:00', NULL, '2026-04-25T05:49:27.120+00:00') ON CONFLICT (id) DO NOTHING;
INSERT INTO "Fee" (id, "memberId", amount, year, month, status, "paidAt", note, "createdAt") VALUES (230, 9, 30000, 2024, 7, 'paid', '2026-04-25T05:49:27.149+00:00', NULL, '2026-04-25T05:49:27.149+00:00') ON CONFLICT (id) DO NOTHING;
INSERT INTO "Fee" (id, "memberId", amount, year, month, status, "paidAt", note, "createdAt") VALUES (231, 9, 30000, 2024, 8, 'paid', '2026-04-25T05:49:27.177+00:00', NULL, '2026-04-25T05:49:27.178+00:00') ON CONFLICT (id) DO NOTHING;
INSERT INTO "Fee" (id, "memberId", amount, year, month, status, "paidAt", note, "createdAt") VALUES (232, 9, 30000, 2024, 9, 'paid', '2026-04-25T05:49:27.196+00:00', NULL, '2026-04-25T05:49:27.196+00:00') ON CONFLICT (id) DO NOTHING;
INSERT INTO "Fee" (id, "memberId", amount, year, month, status, "paidAt", note, "createdAt") VALUES (233, 9, 30000, 2024, 10, 'paid', '2026-04-25T05:49:27.215+00:00', NULL, '2026-04-25T05:49:27.215+00:00') ON CONFLICT (id) DO NOTHING;
INSERT INTO "Fee" (id, "memberId", amount, year, month, status, "paidAt", note, "createdAt") VALUES (234, 9, 30000, 2024, 11, 'paid', '2026-04-25T05:49:27.231+00:00', NULL, '2026-04-25T05:49:27.232+00:00') ON CONFLICT (id) DO NOTHING;
INSERT INTO "Fee" (id, "memberId", amount, year, month, status, "paidAt", note, "createdAt") VALUES (235, 9, 30000, 2024, 12, 'paid', '2026-04-25T05:49:27.260+00:00', NULL, '2026-04-25T05:49:27.260+00:00') ON CONFLICT (id) DO NOTHING;
INSERT INTO "Fee" (id, "memberId", amount, year, month, status, "paidAt", note, "createdAt") VALUES (236, 8, 30000, 2024, 7, 'paid', '2026-04-25T05:49:27.285+00:00', NULL, '2026-04-25T05:49:27.285+00:00') ON CONFLICT (id) DO NOTHING;
INSERT INTO "Fee" (id, "memberId", amount, year, month, status, "paidAt", note, "createdAt") VALUES (237, 8, 30000, 2024, 8, 'paid', '2026-04-25T05:49:27.305+00:00', NULL, '2026-04-25T05:49:27.305+00:00') ON CONFLICT (id) DO NOTHING;
INSERT INTO "Fee" (id, "memberId", amount, year, month, status, "paidAt", note, "createdAt") VALUES (238, 8, 30000, 2024, 9, 'paid', '2026-04-25T05:49:27.324+00:00', NULL, '2026-04-25T05:49:27.325+00:00') ON CONFLICT (id) DO NOTHING;
INSERT INTO "Fee" (id, "memberId", amount, year, month, status, "paidAt", note, "createdAt") VALUES (239, 8, 30000, 2024, 10, 'paid', '2026-04-25T05:49:27.344+00:00', NULL, '2026-04-25T05:49:27.344+00:00') ON CONFLICT (id) DO NOTHING;
INSERT INTO "Fee" (id, "memberId", amount, year, month, status, "paidAt", note, "createdAt") VALUES (240, 8, 30000, 2024, 11, 'paid', '2026-04-25T05:49:27.370+00:00', NULL, '2026-04-25T05:49:27.371+00:00') ON CONFLICT (id) DO NOTHING;
INSERT INTO "Fee" (id, "memberId", amount, year, month, status, "paidAt", note, "createdAt") VALUES (241, 8, 30000, 2024, 12, 'paid', '2026-04-25T05:49:27.389+00:00', NULL, '2026-04-25T05:49:27.389+00:00') ON CONFLICT (id) DO NOTHING;
INSERT INTO "Fee" (id, "memberId", amount, year, month, status, "paidAt", note, "createdAt") VALUES (242, 10, 30000, 2024, 7, 'paid', '2026-04-25T05:49:27.408+00:00', NULL, '2026-04-25T05:49:27.409+00:00') ON CONFLICT (id) DO NOTHING;
INSERT INTO "Fee" (id, "memberId", amount, year, month, status, "paidAt", note, "createdAt") VALUES (243, 10, 30000, 2024, 8, 'paid', '2026-04-25T05:49:27.432+00:00', NULL, '2026-04-25T05:49:27.432+00:00') ON CONFLICT (id) DO NOTHING;
INSERT INTO "Fee" (id, "memberId", amount, year, month, status, "paidAt", note, "createdAt") VALUES (244, 10, 30000, 2024, 10, 'paid', '2026-04-25T05:49:27.452+00:00', NULL, '2026-04-25T05:49:27.452+00:00') ON CONFLICT (id) DO NOTHING;
INSERT INTO "Fee" (id, "memberId", amount, year, month, status, "paidAt", note, "createdAt") VALUES (245, 10, 30000, 2024, 11, 'paid', '2026-04-25T05:49:27.472+00:00', NULL, '2026-04-25T05:49:27.472+00:00') ON CONFLICT (id) DO NOTHING;
INSERT INTO "Fee" (id, "memberId", amount, year, month, status, "paidAt", note, "createdAt") VALUES (246, 11, 30000, 2024, 7, 'paid', '2026-04-25T05:49:27.492+00:00', NULL, '2026-04-25T05:49:27.493+00:00') ON CONFLICT (id) DO NOTHING;
INSERT INTO "Fee" (id, "memberId", amount, year, month, status, "paidAt", note, "createdAt") VALUES (247, 11, 30000, 2024, 8, 'paid', '2026-04-25T05:49:27.511+00:00', NULL, '2026-04-25T05:49:27.511+00:00') ON CONFLICT (id) DO NOTHING;
INSERT INTO "Fee" (id, "memberId", amount, year, month, status, "paidAt", note, "createdAt") VALUES (248, 11, 30000, 2024, 9, 'paid', '2026-04-25T05:49:27.535+00:00', NULL, '2026-04-25T05:49:27.535+00:00') ON CONFLICT (id) DO NOTHING;
INSERT INTO "Fee" (id, "memberId", amount, year, month, status, "paidAt", note, "createdAt") VALUES (249, 11, 30000, 2024, 10, 'paid', '2026-04-25T05:49:27.561+00:00', NULL, '2026-04-25T05:49:27.561+00:00') ON CONFLICT (id) DO NOTHING;
INSERT INTO "Fee" (id, "memberId", amount, year, month, status, "paidAt", note, "createdAt") VALUES (250, 11, 30000, 2024, 11, 'paid', '2026-04-25T05:49:27.579+00:00', NULL, '2026-04-25T05:49:27.579+00:00') ON CONFLICT (id) DO NOTHING;
INSERT INTO "Fee" (id, "memberId", amount, year, month, status, "paidAt", note, "createdAt") VALUES (251, 11, 30000, 2024, 12, 'paid', '2026-04-25T05:49:27.602+00:00', NULL, '2026-04-25T05:49:27.603+00:00') ON CONFLICT (id) DO NOTHING;
INSERT INTO "Fee" (id, "memberId", amount, year, month, status, "paidAt", note, "createdAt") VALUES (258, 14, 30000, 2024, 7, 'paid', '2026-04-25T05:49:27.759+00:00', NULL, '2026-04-25T05:49:27.759+00:00') ON CONFLICT (id) DO NOTHING;
INSERT INTO "Fee" (id, "memberId", amount, year, month, status, "paidAt", note, "createdAt") VALUES (259, 14, 30000, 2024, 8, 'paid', '2026-04-25T05:49:27.777+00:00', NULL, '2026-04-25T05:49:27.777+00:00') ON CONFLICT (id) DO NOTHING;
INSERT INTO "Fee" (id, "memberId", amount, year, month, status, "paidAt", note, "createdAt") VALUES (260, 14, 30000, 2024, 9, 'paid', '2026-04-25T05:49:27.804+00:00', NULL, '2026-04-25T05:49:27.804+00:00') ON CONFLICT (id) DO NOTHING;
INSERT INTO "Fee" (id, "memberId", amount, year, month, status, "paidAt", note, "createdAt") VALUES (261, 14, 30000, 2024, 10, 'paid', '2026-04-25T05:49:27.824+00:00', NULL, '2026-04-25T05:49:27.825+00:00') ON CONFLICT (id) DO NOTHING;
INSERT INTO "Fee" (id, "memberId", amount, year, month, status, "paidAt", note, "createdAt") VALUES (262, 14, 30000, 2024, 11, 'paid', '2026-04-25T05:49:27.843+00:00', NULL, '2026-04-25T05:49:27.843+00:00') ON CONFLICT (id) DO NOTHING;
INSERT INTO "Fee" (id, "memberId", amount, year, month, status, "paidAt", note, "createdAt") VALUES (263, 14, 30000, 2024, 12, 'paid', '2026-04-25T05:49:27.868+00:00', NULL, '2026-04-25T05:49:27.868+00:00') ON CONFLICT (id) DO NOTHING;
INSERT INTO "Fee" (id, "memberId", amount, year, month, status, "paidAt", note, "createdAt") VALUES (264, 1, 30000, 2024, 7, 'paid', '2026-04-25T05:49:27.888+00:00', NULL, '2026-04-25T05:49:27.888+00:00') ON CONFLICT (id) DO NOTHING;
INSERT INTO "Fee" (id, "memberId", amount, year, month, status, "paidAt", note, "createdAt") VALUES (265, 1, 30000, 2024, 8, 'paid', '2026-04-25T05:49:27.909+00:00', NULL, '2026-04-25T05:49:27.910+00:00') ON CONFLICT (id) DO NOTHING;
INSERT INTO "Fee" (id, "memberId", amount, year, month, status, "paidAt", note, "createdAt") VALUES (266, 1, 30000, 2024, 9, 'paid', '2026-04-25T05:49:27.932+00:00', NULL, '2026-04-25T05:49:27.932+00:00') ON CONFLICT (id) DO NOTHING;
INSERT INTO "Fee" (id, "memberId", amount, year, month, status, "paidAt", note, "createdAt") VALUES (267, 1, 30000, 2024, 10, 'paid', '2026-04-25T05:49:27.956+00:00', NULL, '2026-04-25T05:49:27.956+00:00') ON CONFLICT (id) DO NOTHING;
INSERT INTO "Fee" (id, "memberId", amount, year, month, status, "paidAt", note, "createdAt") VALUES (268, 1, 30000, 2024, 11, 'paid', '2026-04-25T05:49:27.977+00:00', NULL, '2026-04-25T05:49:27.977+00:00') ON CONFLICT (id) DO NOTHING;
INSERT INTO "Fee" (id, "memberId", amount, year, month, status, "paidAt", note, "createdAt") VALUES (269, 1, 30000, 2024, 12, 'paid', '2026-04-25T05:49:27.995+00:00', NULL, '2026-04-25T05:49:27.995+00:00') ON CONFLICT (id) DO NOTHING;
INSERT INTO "Fee" (id, "memberId", amount, year, month, status, "paidAt", note, "createdAt") VALUES (270, 16, 30000, 2024, 10, 'paid', '2026-04-25T05:49:28.015+00:00', NULL, '2026-04-25T05:49:28.015+00:00') ON CONFLICT (id) DO NOTHING;
INSERT INTO "Fee" (id, "memberId", amount, year, month, status, "paidAt", note, "createdAt") VALUES (271, 16, 30000, 2024, 12, 'paid', '2026-04-25T05:49:28.038+00:00', NULL, '2026-04-25T05:49:28.038+00:00') ON CONFLICT (id) DO NOTHING;
INSERT INTO "Fee" (id, "memberId", amount, year, month, status, "paidAt", note, "createdAt") VALUES (272, 17, 30000, 2024, 7, 'paid', '2026-04-25T05:49:28.063+00:00', NULL, '2026-04-25T05:49:28.063+00:00') ON CONFLICT (id) DO NOTHING;
INSERT INTO "Fee" (id, "memberId", amount, year, month, status, "paidAt", note, "createdAt") VALUES (273, 17, 30000, 2024, 8, 'paid', '2026-04-25T05:49:28.086+00:00', NULL, '2026-04-25T05:49:28.086+00:00') ON CONFLICT (id) DO NOTHING;
INSERT INTO "Fee" (id, "memberId", amount, year, month, status, "paidAt", note, "createdAt") VALUES (274, 17, 30000, 2024, 10, 'paid', '2026-04-25T05:49:28.112+00:00', NULL, '2026-04-25T05:49:28.112+00:00') ON CONFLICT (id) DO NOTHING;
INSERT INTO "Fee" (id, "memberId", amount, year, month, status, "paidAt", note, "createdAt") VALUES (275, 17, 30000, 2024, 11, 'paid', '2026-04-25T05:49:28.132+00:00', NULL, '2026-04-25T05:49:28.133+00:00') ON CONFLICT (id) DO NOTHING;
INSERT INTO "Fee" (id, "memberId", amount, year, month, status, "paidAt", note, "createdAt") VALUES (276, 17, 30000, 2024, 12, 'paid', '2026-04-25T05:49:28.149+00:00', NULL, '2026-04-25T05:49:28.149+00:00') ON CONFLICT (id) DO NOTHING;
INSERT INTO "Fee" (id, "memberId", amount, year, month, status, "paidAt", note, "createdAt") VALUES (277, 18, 30000, 2024, 7, 'paid', '2026-04-25T05:49:28.174+00:00', NULL, '2026-04-25T05:49:28.174+00:00') ON CONFLICT (id) DO NOTHING;
INSERT INTO "Fee" (id, "memberId", amount, year, month, status, "paidAt", note, "createdAt") VALUES (278, 18, 30000, 2024, 8, 'paid', '2026-04-25T05:49:28.198+00:00', NULL, '2026-04-25T05:49:28.198+00:00') ON CONFLICT (id) DO NOTHING;
INSERT INTO "Fee" (id, "memberId", amount, year, month, status, "paidAt", note, "createdAt") VALUES (279, 18, 30000, 2024, 9, 'paid', '2026-04-25T05:49:28.217+00:00', NULL, '2026-04-25T05:49:28.217+00:00') ON CONFLICT (id) DO NOTHING;
INSERT INTO "Fee" (id, "memberId", amount, year, month, status, "paidAt", note, "createdAt") VALUES (280, 18, 30000, 2024, 10, 'paid', '2026-04-25T05:49:28.235+00:00', NULL, '2026-04-25T05:49:28.235+00:00') ON CONFLICT (id) DO NOTHING;
INSERT INTO "Fee" (id, "memberId", amount, year, month, status, "paidAt", note, "createdAt") VALUES (281, 18, 30000, 2024, 12, 'paid', '2026-04-25T05:49:28.256+00:00', NULL, '2026-04-25T05:49:28.256+00:00') ON CONFLICT (id) DO NOTHING;
INSERT INTO "Fee" (id, "memberId", amount, year, month, status, "paidAt", note, "createdAt") VALUES (282, 13, 30000, 2024, 9, 'paid', '2026-04-25T05:49:28.275+00:00', NULL, '2026-04-25T05:49:28.275+00:00') ON CONFLICT (id) DO NOTHING;
INSERT INTO "Fee" (id, "memberId", amount, year, month, status, "paidAt", note, "createdAt") VALUES (283, 13, 30000, 2024, 10, 'paid', '2026-04-25T05:49:28.295+00:00', NULL, '2026-04-25T05:49:28.296+00:00') ON CONFLICT (id) DO NOTHING;
INSERT INTO "Fee" (id, "memberId", amount, year, month, status, "paidAt", note, "createdAt") VALUES (284, 13, 30000, 2024, 11, 'paid', '2026-04-25T05:49:28.317+00:00', NULL, '2026-04-25T05:49:28.317+00:00') ON CONFLICT (id) DO NOTHING;
INSERT INTO "Fee" (id, "memberId", amount, year, month, status, "paidAt", note, "createdAt") VALUES (285, 13, 30000, 2024, 12, 'paid', '2026-04-25T05:49:28.339+00:00', NULL, '2026-04-25T05:49:28.339+00:00') ON CONFLICT (id) DO NOTHING;
INSERT INTO "Fee" (id, "memberId", amount, year, month, status, "paidAt", note, "createdAt") VALUES (286, 10, 30000, 2024, 9, 'paid', '2026-04-25T11:05:26.723+00:00', NULL, '2026-04-25T11:05:26.724+00:00') ON CONFLICT (id) DO NOTHING;
INSERT INTO "Fee" (id, "memberId", amount, year, month, status, "paidAt", note, "createdAt") VALUES (287, 16, 30000, 2024, 7, 'paid', '2026-04-25T11:05:26.768+00:00', NULL, '2026-04-25T11:05:26.769+00:00') ON CONFLICT (id) DO NOTHING;
INSERT INTO "Fee" (id, "memberId", amount, year, month, status, "paidAt", note, "createdAt") VALUES (288, 16, 30000, 2024, 8, 'paid', '2026-04-25T11:05:26.784+00:00', NULL, '2026-04-25T11:05:26.784+00:00') ON CONFLICT (id) DO NOTHING;
INSERT INTO "Fee" (id, "memberId", amount, year, month, status, "paidAt", note, "createdAt") VALUES (289, 16, 30000, 2024, 9, 'paid', '2026-04-25T11:05:26.804+00:00', NULL, '2026-04-25T11:05:26.804+00:00') ON CONFLICT (id) DO NOTHING;
INSERT INTO "Fee" (id, "memberId", amount, year, month, status, "paidAt", note, "createdAt") VALUES (290, 17, 30000, 2024, 9, 'paid', '2026-04-25T11:05:26.829+00:00', NULL, '2026-04-25T11:05:26.829+00:00') ON CONFLICT (id) DO NOTHING;
INSERT INTO "Fee" (id, "memberId", amount, year, month, status, "paidAt", note, "createdAt") VALUES (291, 18, 30000, 2024, 11, 'paid', '2026-04-25T11:05:26.851+00:00', NULL, '2026-04-25T11:05:26.851+00:00') ON CONFLICT (id) DO NOTHING;
INSERT INTO "Fee" (id, "memberId", amount, year, month, status, "paidAt", note, "createdAt") VALUES (292, 13, 30000, 2024, 7, 'paid', '2026-04-25T11:05:26.874+00:00', NULL, '2026-04-25T11:05:26.875+00:00') ON CONFLICT (id) DO NOTHING;
INSERT INTO "Fee" (id, "memberId", amount, year, month, status, "paidAt", note, "createdAt") VALUES (293, 13, 30000, 2024, 8, 'paid', '2026-04-25T11:05:26.890+00:00', NULL, '2026-04-25T11:05:26.890+00:00') ON CONFLICT (id) DO NOTHING;
INSERT INTO "Fee" (id, "memberId", amount, year, month, status, "paidAt", note, "createdAt") VALUES (294, 10, 30000, 2026, 2, 'paid', NULL, NULL, '2026-04-25T17:05:58.127+00:00') ON CONFLICT (id) DO NOTHING;
INSERT INTO "Fee" (id, "memberId", amount, year, month, status, "paidAt", note, "createdAt") VALUES (295, 10, 30000, 2026, 2, 'paid', NULL, NULL, '2026-04-25T17:06:00.775+00:00') ON CONFLICT (id) DO NOTHING;
INSERT INTO "Fee" (id, "memberId", amount, year, month, status, "paidAt", note, "createdAt") VALUES (296, 10, 30000, 2026, 2, 'paid', NULL, NULL, '2026-04-25T17:06:01.697+00:00') ON CONFLICT (id) DO NOTHING;
INSERT INTO "Fee" (id, "memberId", amount, year, month, status, "paidAt", note, "createdAt") VALUES (297, 10, 30000, 2026, 2, 'paid', NULL, NULL, '2026-04-25T17:06:02.146+00:00') ON CONFLICT (id) DO NOTHING;
INSERT INTO "Fee" (id, "memberId", amount, year, month, status, "paidAt", note, "createdAt") VALUES (298, 10, 30000, 2026, 2, 'paid', NULL, NULL, '2026-04-25T17:06:02.324+00:00') ON CONFLICT (id) DO NOTHING;
INSERT INTO "Fee" (id, "memberId", amount, year, month, status, "paidAt", note, "createdAt") VALUES (299, 10, 30000, 2026, 2, 'paid', NULL, NULL, '2026-04-25T17:06:05.735+00:00') ON CONFLICT (id) DO NOTHING;
INSERT INTO "Fee" (id, "memberId", amount, year, month, status, "paidAt", note, "createdAt") VALUES (300, 10, 30000, 2026, 2, 'paid', NULL, NULL, '2026-04-25T17:06:05.901+00:00') ON CONFLICT (id) DO NOTHING;
INSERT INTO "Fee" (id, "memberId", amount, year, month, status, "paidAt", note, "createdAt") VALUES (301, 10, 30000, 2026, 2, 'paid', NULL, NULL, '2026-04-25T17:06:06.086+00:00') ON CONFLICT (id) DO NOTHING;
INSERT INTO "Fee" (id, "memberId", amount, year, month, status, "paidAt", note, "createdAt") VALUES (302, 6, 30000, 2026, 2, 'paid', NULL, NULL, '2026-04-25T17:06:06.836+00:00') ON CONFLICT (id) DO NOTHING;
INSERT INTO "Fee" (id, "memberId", amount, year, month, status, "paidAt", note, "createdAt") VALUES (303, 6, 30000, 2026, 2, 'paid', NULL, NULL, '2026-04-25T17:06:06.977+00:00') ON CONFLICT (id) DO NOTHING;
INSERT INTO "Fee" (id, "memberId", amount, year, month, status, "paidAt", note, "createdAt") VALUES (304, 6, 30000, 2026, 2, 'paid', NULL, NULL, '2026-04-25T17:06:07.132+00:00') ON CONFLICT (id) DO NOTHING;
INSERT INTO "Fee" (id, "memberId", amount, year, month, status, "paidAt", note, "createdAt") VALUES (305, 7, 60000, 2026, 4, 'paid', '2026-04-25T05:12:32.000+00:00', '서증길', '2026-04-26T00:09:23.557+00:00') ON CONFLICT (id) DO NOTHING;
SELECT setval('"Fee_id_seq"', (SELECT MAX(id) FROM "Fee"));

-- Trip
INSERT INTO "Trip" (id, title, location, date, description, status, "createdAt") VALUES (6, '4월 한치 낚시', '마도로스호?', '2026-04-29T00:00:00.000+00:00', '4월 한치 낚시 일정', 'planned', '2026-04-25T16:40:52.907+00:00') ON CONFLICT (id) DO NOTHING;
SELECT setval('"Trip_id_seq"', (SELECT MAX(id) FROM "Trip"));

-- Expense
INSERT INTO "Expense" (id, title, amount, category, date, description, "paidById", "tripId", "createdAt") VALUES (11, '대회상품', 605000, '기타', '2026-04-23T08:22:07.000+00:00', NULL, NULL, NULL, '2026-04-25T11:08:31.809+00:00') ON CONFLICT (id) DO NOTHING;
SELECT setval('"Expense_id_seq"', (SELECT MAX(id) FROM "Expense"));

-- Setting
INSERT INTO "Setting" (key, value) VALUES ('safebox', '2282139') ON CONFLICT (key) DO UPDATE SET value = EXCLUDED.value;
INSERT INTO "Setting" (key, value) VALUES ('unpaid_amount', '0') ON CONFLICT (key) DO UPDATE SET value = EXCLUDED.value;
INSERT INTO "Setting" (key, value) VALUES ('admin_password', '6282') ON CONFLICT (key) DO UPDATE SET value = EXCLUDED.value;
INSERT INTO "Setting" (key, value) VALUES ('account_balance', '295141') ON CONFLICT (key) DO UPDATE SET value = EXCLUDED.value;
INSERT INTO "Setting" (key, value) VALUES ('unpaid_mid_13', '0') ON CONFLICT (key) DO UPDATE SET value = EXCLUDED.value;
INSERT INTO "Setting" (key, value) VALUES ('unpaid_mid_8', '0') ON CONFLICT (key) DO UPDATE SET value = EXCLUDED.value;
INSERT INTO "Setting" (key, value) VALUES ('unpaid_mid_17', '210000') ON CONFLICT (key) DO UPDATE SET value = EXCLUDED.value;
INSERT INTO "Setting" (key, value) VALUES ('unpaid_mid_6', '120000') ON CONFLICT (key) DO UPDATE SET value = EXCLUDED.value;
INSERT INTO "Setting" (key, value) VALUES ('unpaid_mid_10', '150000') ON CONFLICT (key) DO UPDATE SET value = EXCLUDED.value;
INSERT INTO "Setting" (key, value) VALUES ('unpaid_mid_7', '0') ON CONFLICT (key) DO UPDATE SET value = EXCLUDED.value;
INSERT INTO "Setting" (key, value) VALUES ('unpaid_mid_9', '0') ON CONFLICT (key) DO UPDATE SET value = EXCLUDED.value;
INSERT INTO "Setting" (key, value) VALUES ('unpaid_mid_12', '0') ON CONFLICT (key) DO UPDATE SET value = EXCLUDED.value;
INSERT INTO "Setting" (key, value) VALUES ('unpaid_mid_14', '0') ON CONFLICT (key) DO UPDATE SET value = EXCLUDED.value;
INSERT INTO "Setting" (key, value) VALUES ('unpaid_mid_15', '0') ON CONFLICT (key) DO UPDATE SET value = EXCLUDED.value;
INSERT INTO "Setting" (key, value) VALUES ('unpaid_mid_18', '90000') ON CONFLICT (key) DO UPDATE SET value = EXCLUDED.value;
INSERT INTO "Setting" (key, value) VALUES ('unpaid_mid_1', '0') ON CONFLICT (key) DO UPDATE SET value = EXCLUDED.value;
INSERT INTO "Setting" (key, value) VALUES ('unpaid_mid_16', '0') ON CONFLICT (key) DO UPDATE SET value = EXCLUDED.value;
INSERT INTO "Setting" (key, value) VALUES ('unpaid_mid_11', '0') ON CONFLICT (key) DO UPDATE SET value = EXCLUDED.value;